name,topology,nodes,edges,tau,bf_time_ms,smart_time_ms,speedup,bf_optimality,smart_optimality,error_pct,same_edge,bf_edge,smart_edge,bf_reduction,smart_reduction,bf_cands,smart_cands
ER_n30_s0,Erdos-Renyi,30,56,0.05,766.75,101.02,7.59,100.0,0,100,False,"[2, 11]","[-1, -1]",0.00656814,0,379,50
ER_n30_s0,Erdos-Renyi,30,56,0.1,765.7,101.33,7.56,100.0,0,100,False,"[2, 11]","[-1, -1]",0.00656814,0,379,50
ER_n30_s0,Erdos-Renyi,30,56,0.15,758.62,102.42,7.41,100.0,6.83,93.17,False,"[2, 10]","[5, 7]",0.01732348,0.00118266,379,50
ER_n30_s0,Erdos-Renyi,30,56,0.2,754.52,100.95,7.47,100.0,7.14,92.86,False,"[11, 17]","[5, 19]",0.01966338,0.00140453,379,50
ER_n30_s0,Erdos-Renyi,30,56,0.25,752.34,101.51,7.41,100.0,21.56,78.44,False,"[2, 18]","[7, 19]",0.02729885,0.00588494,379,50
BA_n30_s0,Barabasi-Albert,30,56,0.05,758.59,102.14,7.43,100.0,33.33,66.67,False,"[2, 28]","[21, 27]",0.00123153,0.00041051,379,50
BA_n30_s0,Barabasi-Albert,30,56,0.1,755.01,101.4,7.45,100.0,17.62,82.38,False,"[15, 17]","[14, 25]",0.00862069,0.00151888,379,50
BA_n30_s0,Barabasi-Albert,30,56,0.15,752.72,84.87,8.87,100.0,22.42,77.58,False,"[12, 15]","[16, 19]",0.01592775,0.00357143,379,50
BA_n30_s0,Barabasi-Albert,30,56,0.2,629.85,84.94,7.42,100.0,36.94,63.06,False,"[12, 15]","[19, 24]",0.01592775,0.00588396,379,50
BA_n30_s0,Barabasi-Albert,30,56,0.25,657.53,87.71,7.5,100.0,33.72,66.28,False,"[11, 12]","[16, 25]",0.02337165,0.00788177,379,50
WS_n30_s0,Watts-Strogatz,30,60,0.15,641.14,87.31,7.34,100.0,0,100,False,"[22, 23]","[-1, -1]",0.00236922,0,375,50
WS_n30_s0,Watts-Strogatz,30,60,0.2,642.05,88.08,7.29,100.0,100.0,0.0,True,"[24, 27]","[24, 27]",0.0106185,0.0106185,375,50
WS_n30_s0,Watts-Strogatz,30,60,0.25,668.5,88.3,7.57,100.0,100.0,0.0,True,"[17, 23]","[17, 23]",0.02267449,0.02267449,375,50
ER_n30_s1,Erdos-Renyi,30,59,0.1,685.66,86.16,7.96,100.0,100.0,0.0,True,"[19, 20]","[19, 20]",0.00082102,0.00082102,376,50
ER_n30_s1,Erdos-Renyi,30,59,0.15,648.93,87.45,7.42,100.0,26.67,73.33,False,"[3, 19]","[19, 20]",0.00307882,0.00082102,376,50
ER_n30_s1,Erdos-Renyi,30,59,0.2,661.77,86.41,7.66,100.0,14.23,85.77,False,"[7, 12]","[9, 26]",0.01034483,0.00147197,376,50
ER_n30_s1,Erdos-Renyi,30,59,0.25,657.3,86.77,7.58,100.0,12.93,87.07,False,"[12, 23]","[19, 26]",0.01904762,0.00246305,376,50
BA_n30_s1,Barabasi-Albert,30,56,0.05,631.1,83.92,7.52,100.0,0,100,False,"[18, 21]","[-1, -1]",0.00328407,0,379,50
BA_n30_s1,Barabasi-Albert,30,56,0.1,630.51,85.03,7.41,100.0,28.57,71.43,False,"[9, 18]","[22, 26]",0.00923645,0.00263899,379,50
BA_n30_s1,Barabasi-Albert,30,56,0.15,629.3,84.29,7.47,100.0,21.96,78.04,False,"[8, 9]","[22, 27]",0.01642036,0.00360662,379,50
BA_n30_s1,Barabasi-Albert,30,56,0.2,628.54,83.81,7.5,100.0,32.76,67.24,False,"[6, 18]","[16, 29]",0.02011494,0.00658965,379,50
BA_n30_s1,Barabasi-Albert,30,56,0.25,629.69,85.32,7.38,100.0,33.75,66.25,False,"[1, 9]","[20, 26]",0.02373915,0.00801079,379,50
WS_n30_s1,Watts-Strogatz,30,60,0.2,640.69,86.68,7.39,100.0,100.0,0.0,True,"[1, 4]","[1, 4]",0.00940066,0.00940066,375,50
WS_n30_s1,Watts-Strogatz,30,60,0.25,643.12,86.59,7.43,100.0,100.0,0.0,True,"[1, 4]","[1, 4]",0.00940066,0.00940066,375,50
ER_n30_s2,Erdos-Renyi,30,53,0.1,630.44,84.11,7.5,100.0,0,100,False,"[0, 7]","[-1, -1]",0.00123153,0,382,50
ER_n30_s2,Erdos-Renyi,30,53,0.15,708.87,83.69,8.47,100.0,0,100,False,"[6, 7]","[-1, -1]",0.0043514,0,382,50
ER_n30_s2,Erdos-Renyi,30,53,0.2,629.1,82.75,7.6,100.0,91.51,8.49,False,"[6, 7]","[17, 18]",0.0043514,0.00398194,382,50
ER_n30_s2,Erdos-Renyi,30,53,0.25,625.45,83.51,7.49,100.0,84.88,15.12,False,"[15, 26]","[17, 18]",0.00469153,0.00398194,382,50
BA_n30_s2,Barabasi-Albert,30,56,0.05,630.1,83.89,7.51,100.0,8.57,91.43,False,"[9, 10]","[21, 23]",0.00287356,0.00024631,379,50
BA_n30_s2,Barabasi-Albert,30,56,0.1,633.8,83.67,7.57,100.0,40.61,59.39,False,"[11, 26]","[15, 19]",0.00940066,0.00381773,379,50
BA_n30_s2,Barabasi-Albert,30,56,0.15,669.65,84.32,7.94,100.0,35.23,64.77,False,"[9, 26]","[15, 19]",0.01083744,0.00381773,379,50
BA_n30_s2,Barabasi-Albert,30,56,0.2,632.2,86.52,7.31,100.0,26.61,73.39,False,"[13, 26]","[19, 22]",0.02082454,0.00554187,379,50
BA_n30_s2,Barabasi-Albert,30,56,0.25,718.89,89.41,8.04,100.0,31.51,68.49,False,"[8, 18]","[22, 25]",0.02146589,0.0067638,379,50
WS_n30_s2,Watts-Strogatz,30,60,0.15,644.28,85.99,7.49,100.0,0,100,False,"[3, 29]","[-1, -1]",0.00258621,0,375,50
WS_n30_s2,Watts-Strogatz,30,60,0.2,648.51,87.75,7.39,100.0,100.0,0.0,True,"[3, 27]","[3, 27]",0.01550987,0.01550987,375,50
WS_n30_s2,Watts-Strogatz,30,60,0.25,649.41,85.62,7.58,100.0,100.0,0.0,True,"[3, 27]","[3, 27]",0.01550987,0.01550987,375,50
ER_n40_s0,Erdos-Renyi,40,108,0.1,2409.6,177.79,13.55,100.0,1.63,98.37,False,"[7, 24]","[26, 34]",0.00275496,4.498e-05,672,50
ER_n40_s0,Erdos-Renyi,40,108,0.15,2320.23,178.09,13.03,100.0,10.21,89.79,False,"[1, 24]","[34, 35]",0.00478225,0.00048848,672,50
ER_n40_s0,Erdos-Renyi,40,108,0.2,2291.67,174.38,13.14,100.0,31.57,68.43,False,"[7, 20]","[19, 30]",0.00727931,0.00229795,672,50
ER_n40_s0,Erdos-Renyi,40,108,0.25,2288.51,172.61,13.26,100.0,20.67,79.33,False,"[2, 5]","[22, 37]",0.01479562,0.00305814,672,50
BA_n40_s0,Barabasi-Albert,40,76,0.05,2099.88,146.03,14.38,100.0,34.44,65.56,False,"[11, 15]","[32, 34]",0.00202429,0.00069726,704,50
BA_n40_s0,Barabasi-Albert,40,76,0.1,2036.77,146.97,13.86,100.0,14.35,85.65,False,"[11, 20]","[32, 38]",0.00783529,0.00112461,704,50
BA_n40_s0,Barabasi-Albert,40,76,0.15,2036.64,148.21,13.74,100.0,25.33,74.67,False,"[15, 18]","[32, 36]",0.01154167,0.00292398,704,50
BA_n40_s0,Barabasi-Albert,40,76,0.2,2029.5,148.29,13.69,100.0,45.97,54.03,False,"[11, 12]","[35, 37]",0.01511792,0.00695007,704,50
BA_n40_s0,Barabasi-Albert,40,76,0.25,2041.51,147.18,13.87,100.0,45.35,54.65,False,"[7, 17]","[35, 37]",0.01532517,0.00695007,704,50
WS_n40_s0,Watts-Strogatz,40,80,0.05,2133.38,151.02,14.13,100.0,85.71,14.29,False,"[25, 28]","[24, 27]",0.00078722,0.00067476,700,50
WS_n40_s0,Watts-Strogatz,40,80,0.1,2068.63,150.07,13.78,100.0,85.71,14.29,False,"[25, 28]","[24, 27]",0.00078722,0.00067476,700,50
WS_n40_s0,Watts-Strogatz,40,80,0.15,2081.42,154.98,13.43,100.0,99.85,0.15,False,"[26, 29]","[23, 30]",0.00232658,0.00232312,700,50
WS_n40_s0,Watts-Strogatz,40,80,0.2,2092.74,150.1,13.94,100.0,32.82,67.18,False,"[22, 26]","[23, 30]",0.00707901,0.00232312,700,50
WS_n40_s0,Watts-Strogatz,40,80,0.25,2085.1,150.33,13.87,100.0,78.15,21.85,False,"[33, 36]","[27, 31]",0.01324061,0.01034779,700,50
ER_n40_s1,Erdos-Renyi,38,99,0.1,1842.4,153.24,12.02,100.0,0,100,False,"[16, 35]","[-1, -1]",0.00417084,0,604,50
ER_n40_s1,Erdos-Renyi,38,99,0.15,1820.17,155.43,11.71,100.0,0,100,False,"[16, 35]","[-1, -1]",0.00417084,0,604,50
ER_n40_s1,Erdos-Renyi,38,99,0.2,1842.49,153.03,12.04,100.0,12.55,87.45,False,"[18, 34]","[17, 23]",0.00436355,0.0005477,604,50
ER_n40_s1,Erdos-Renyi,38,99,0.25,1820.87,152.99,11.9,100.0,52.66,47.34,False,"[13, 18]","[29, 37]",0.00521593,0.00274649,604,50
BA_n40_s1,Barabasi-Albert,40,76,0.05,2170.31,147.14,14.75,100.0,0,100,False,"[18, 24]","[-1, -1]",0.00357625,0,704,50
BA_n40_s1,Barabasi-Albert,40,76,0.1,2042.58,148.04,13.8,100.0,48.7,51.3,False,"[11, 12]","[29, 30]",0.00868196,0.00422852,704,50
BA_n40_s1,Barabasi-Albert,40,76,0.15,2031.74,146.83,13.84,100.0,34.07,65.93,False,"[6, 18]","[29, 30]",0.01241244,0.00422852,704,50
BA_n40_s1,Barabasi-Albert,40,76,0.2,2034.14,147.28,13.81,100.0,51.68,48.32,False,"[12, 18]","[30, 31]",0.01594692,0.00824117,704,50
BA_n40_s1,Barabasi-Albert,40,76,0.25,2036.21,147.33,13.82,100.0,70.95,29.05,False,"[8, 33]","[29, 31]",0.01887864,0.01339353,704,50
WS_n40_s1,Watts-Strogatz,40,80,0.2,2235.76,148.38,15.07,100.0,100.0,0.0,True,"[16, 39]","[16, 39]",0.00550414,0.00550414,700,50
WS_n40_s1,Watts-Strogatz,40,80,0.25,2295.74,151.32,15.17,100.0,82.02,17.98,False,"[13, 30]","[16, 39]",0.00671108,0.00550414,700,50
ER_n40_s2,Erdos-Renyi,39,88,0.05,2000.45,150.36,13.3,100.0,0,100,False,"[26, 36]","[-1, -1]",0.00099573,0,653,50
ER_n40_s2,Erdos-Renyi,39,88,0.1,1973.44,151.13,13.06,100.0,0,100,False,"[18, 23]","[-1, -1]",0.00704125,0,653,50
ER_n40_s2,Erdos-Renyi,39,88,0.15,2091.91,150.15,13.93,100.0,23.57,76.43,False,"[18, 23]","[20, 21]",0.00704125,0.00165955,653,50
ER_n40_s2,Erdos-Renyi,39,88,0.2,1991.09,150.1,13.27,100.0,17.19,82.81,False,"[33, 36]","[34, 38]",0.01215539,0.00208968,653,50
ER_n40_s2,Erdos-Renyi,39,88,0.25,2284.61,156.46,14.6,100.0,14.97,85.03,False,"[26, 33]","[20, 35]",0.01584197,0.00237079,653,50
BA_n40_s2,Barabasi-Albert,40,76,0.05,2508.17,157.68,15.91,100.0,1.48,98.52,False,"[11, 27]","[20, 25]",0.00413855,6.134e-05,704,50
BA_n40_s2,Barabasi-Albert,40,76,0.1,2361.5,149.56,15.79,100.0,9.52,90.48,False,"[4, 8]","[21, 23]",0.00602789,0.00057367,704,50
BA_n40_s2,Barabasi-Albert,40,76,0.15,2174.12,309.29,7.03,100.0,19.27,80.73,False,"[5, 33]","[22, 23]",0.01042379,0.00200823,704,50
BA_n40_s2,Barabasi-Albert,40,76,0.2,2207.82,157.78,13.99,100.0,67.92,32.08,False,"[11, 13]","[30, 38]",0.01711008,0.011622,704,50
BA_n40_s2,Barabasi-Albert,40,76,0.25,2133.36,151.05,14.12,100.0,67.92,32.08,False,"[11, 13]","[30, 38]",0.01711008,0.011622,704,50
WS_n40_s2,Watts-Strogatz,40,80,0.1,2057.03,149.81,13.73,100.0,100.0,0.0,True,"[8, 9]","[8, 9]",0.00135919,0.00135919,700,50
WS_n40_s2,Watts-Strogatz,40,80,0.15,2058.46,149.5,13.77,100.0,68.24,31.76,False,"[4, 18]","[8, 9]",0.00199176,0.00135919,700,50
WS_n40_s2,Watts-Strogatz,40,80,0.2,2207.06,150.12,14.7,100.0,68.24,31.76,False,"[4, 18]","[8, 9]",0.00199176,0.00135919,700,50
WS_n40_s2,Watts-Strogatz,40,80,0.25,2466.47,163.14,15.12,100.0,100.0,0.0,True,"[5, 9]","[5, 9]",0.00496809,0.00496809,700,50
ER_n50_s0,Erdos-Renyi,50,168,0.15,7339.62,352.43,20.83,100.0,13.91,86.09,False,"[25, 26]","[45, 48]",0.00342748,0.00047691,1057,50
ER_n50_s0,Erdos-Renyi,50,168,0.2,6960.61,526.32,13.23,100.0,20.37,79.63,False,"[21, 28]","[43, 45]",0.0056659,0.00115395,1057,50
ER_n50_s0,Erdos-Renyi,50,168,0.25,6581.7,296.74,22.18,100.0,20.83,79.17,False,"[21, 28]","[35, 44]",0.0056659,0.00118003,1057,50
BA_n50_s0,Barabasi-Albert,50,96,0.05,5448.18,233.3,23.35,100.0,23.12,76.88,False,"[15, 17]","[38, 48]",0.00363419,0.00084022,1129,50
BA_n50_s0,Barabasi-Albert,50,96,0.1,5265.46,245.6,21.44,100.0,60.47,39.53,False,"[15, 20]","[46, 47]",0.00511824,0.00309497,1129,50
BA_n50_s0,Barabasi-Albert,50,96,0.15,6239.32,260.52,23.95,100.0,31.64,68.36,False,"[15, 18]","[46, 47]",0.00978094,0.00309497,1129,50
BA_n50_s0,Barabasi-Albert,50,96,0.2,6223.25,267.63,23.25,100.0,39.46,60.54,False,"[9, 15]","[37, 43]",0.01024356,0.00404215,1129,50
BA_n50_s0,Barabasi-Albert,50,96,0.25,6274.46,276.03,22.73,100.0,64.61,35.39,False,"[9, 11]","[37, 46]",0.01328656,0.00858423,1129,50
WS_n50_s0,Watts-Strogatz,50,100,0.1,7014.74,292.86,23.95,100.0,0,100,False,"[23, 27]","[-1, -1]",0.00028581,0,1125,50
WS_n50_s0,Watts-Strogatz,50,100,0.15,6191.68,257.7,24.03,100.0,11.95,88.05,False,"[8, 12]","[16, 19]",0.00308474,0.00036848,1125,50
WS_n50_s0,Watts-Strogatz,50,100,0.2,5753.31,339.27,16.96,100.0,100.0,0.0,True,"[17, 20]","[17, 20]",0.00341924,0.00341924,1125,50
WS_n50_s0,Watts-Strogatz,50,100,0.25,5861.69,248.11,23.63,100.0,100.0,0.0,True,"[14, 16]","[14, 16]",0.00908244,0.00908244,1125,50
ER_n50_s1,Erdos-Renyi,50,147,0.1,6281.51,284.67,22.07,100.0,48.56,51.44,False,"[20, 27]","[45, 46]",0.00138536,0.00067277,1078,50
ER_n50_s1,Erdos-Renyi,50,147,0.15,6493.71,310.87,20.89,100.0,20.43,79.57,False,"[20, 32]","[45, 46]",0.00329237,0.00067277,1078,50
ER_n50_s1,Erdos-Renyi,50,147,0.2,6494.03,282.24,23.01,100.0,14.81,85.19,False,"[13, 27]","[34, 42]",0.00593114,0.00087868,1078,50
ER_n50_s1,Erdos-Renyi,50,147,0.25,6639.03,292.1,22.73,100.0,22.62,77.38,False,"[4, 32]","[46, 47]",0.00755596,0.001709,1078,50
BA_n50_s1,Barabasi-Albert,50,96,0.05,5839.99,268.37,21.76,100.0,0,100,False,"[24, 44]","[-1, -1]",0.00304705,0,1129,50
BA_n50_s1,Barabasi-Albert,50,96,0.1,5761.66,237.05,24.31,100.0,58.01,41.99,False,"[24, 32]","[34, 42]",0.0069179,0.00401313,1129,50
BA_n50_s1,Barabasi-Albert,50,96,0.15,5375.31,240.81,22.32,100.0,36.32,63.68,False,"[8, 9]","[34, 42]",0.01104951,0.00401313,1129,50
BA_n50_s1,Barabasi-Albert,50,96,0.2,5504.6,252.02,21.84,100.0,63.37,36.63,False,"[12, 18]","[45, 48]",0.01356342,0.00859466,1129,50
BA_n50_s1,Barabasi-Albert,50,96,0.25,5467.97,233.26,23.44,100.0,59.85,40.15,False,"[5, 9]","[40, 42]",0.01517906,0.00908468,1129,50
WS_n50_s1,Watts-Strogatz,50,100,0.15,5329.48,236.41,22.54,100.0,0,100,False,"[1, 5]","[-1, -1]",0.00524849,0,1125,50
WS_n50_s1,Watts-Strogatz,50,100,0.2,5978.16,270.13,22.13,100.0,33.05,66.95,False,"[1, 5]","[13, 49]",0.00524849,0.00173481,1125,50
WS_n50_s1,Watts-Strogatz,50,100,0.25,5375.99,239.2,22.48,100.0,33.05,66.95,False,"[1, 5]","[13, 49]",0.00524849,0.00173481,1125,50
ER_n50_s2,Erdos-Renyi,50,139,0.1,6467.54,271.51,23.82,100.0,0,100,False,"[10, 31]","[-1, -1]",0.00020077,0,1086,50
ER_n50_s2,Erdos-Renyi,50,139,0.15,6203.01,274.06,22.63,100.0,0,100,False,"[5, 21]","[-1, -1]",0.0036977,0,1086,50
ER_n50_s2,Erdos-Renyi,50,139,0.2,6082.18,274.97,22.12,100.0,9.98,90.02,False,"[0, 27]","[44, 46]",0.00691184,0.00068974,1086,50
ER_n50_s2,Erdos-Renyi,50,139,0.25,6262.08,272.37,22.99,100.0,39.83,60.17,False,"[5, 27]","[38, 39]",0.00695347,0.00276924,1086,50
BA_n50_s2,Barabasi-Albert,50,96,0.05,5390.26,231.46,23.29,100.0,0,100,False,"[25, 44]","[-1, -1]",0.00480442,0,1129,50
BA_n50_s2,Barabasi-Albert,50,96,0.1,5298.01,266.46,19.88,100.0,21.35,78.65,False,"[23, 45]","[35, 41]",0.00630669,0.00134637,1129,50
BA_n50_s2,Barabasi-Albert,50,96,0.15,5361.33,235.31,22.78,100.0,20.58,79.42,False,"[22, 44]","[36, 48]",0.00964124,0.00198413,1129,50
BA_n50_s2,Barabasi-Albert,50,96,0.2,5174.26,276.26,18.73,100.0,52.23,47.77,False,"[6, 44]","[30, 47]",0.0118339,0.00618049,1129,50
BA_n50_s2,Barabasi-Albert,50,96,0.25,5169.2,232.06,22.28,100.0,44.16,55.84,False,"[21, 22]","[35, 39]",0.01484518,0.00655572,1129,50
WS_n50_s2,Watts-Strogatz,50,100,0.1,5281.39,239.65,22.04,100.0,0,100,False,"[2, 3]","[-1, -1]",0.00045351,0,1125,50
WS_n50_s2,Watts-Strogatz,50,100,0.15,5482.14,241.24,22.72,100.0,0,100,False,"[9, 10]","[-1, -1]",0.00161951,0,1125,50
WS_n50_s2,Watts-Strogatz,50,100,0.2,5771.58,241.0,23.95,100.0,42.67,57.33,False,"[39, 47]","[38, 49]",0.00291241,0.00124278,1125,50
WS_n50_s2,Watts-Strogatz,50,100,0.25,5779.66,238.66,24.22,100.0,65.34,34.66,False,"[5, 8]","[10, 26]",0.00649093,0.00424124,1125,50
Path_n15,Path,15,14,0.05,35.06,1.99,17.61,100.0,100.0,0.0,True,"[6, 8]","[6, 8]",0.53846154,0.53846154,91,4
Path_n15,Path,15,14,0.1,35.53,2.0,17.73,100.0,100.0,0.0,True,"[6, 8]","[6, 8]",0.53846154,0.53846154,91,4
Path_n15,Path,15,14,0.15,35.81,1.92,18.63,100.0,100.0,0.0,True,"[6, 8]","[6, 8]",0.53846154,0.53846154,91,4
Path_n15,Path,15,14,0.2,35.2,1.91,18.42,100.0,100.0,0.0,True,"[6, 8]","[6, 8]",0.53846154,0.53846154,91,4
Path_n15,Path,15,14,0.25,75.87,1.92,39.49,100.0,100.0,0.0,True,"[6, 8]","[6, 8]",0.53846154,0.53846154,91,4
Path_n20,Path,20,19,0.05,111.32,3.19,34.87,100.0,100.0,0.0,True,"[9, 11]","[9, 11]",0.52631579,0.52631579,171,4
Path_n20,Path,20,19,0.1,111.71,3.2,34.96,100.0,100.0,0.0,True,"[9, 11]","[9, 11]",0.52631579,0.52631579,171,4
Path_n20,Path,20,19,0.15,133.26,3.18,41.94,100.0,100.0,0.0,True,"[9, 11]","[9, 11]",0.52631579,0.52631579,171,4
Path_n20,Path,20,19,0.2,111.63,3.49,31.96,100.0,100.0,0.0,True,"[9, 11]","[9, 11]",0.52631579,0.52631579,171,4
Path_n20,Path,20,19,0.25,120.75,3.58,33.71,100.0,100.0,0.0,True,"[9, 11]","[9, 11]",0.52631579,0.52631579,171,4
Path_n25,Path,25,24,0.05,338.97,4.86,69.82,100.0,100.0,0.0,True,"[11, 13]","[11, 13]",0.52173913,0.52173913,276,4
Path_n25,Path,25,24,0.1,286.16,4.91,58.25,100.0,100.0,0.0,True,"[11, 13]","[11, 13]",0.52173913,0.52173913,276,4
Path_n25,Path,25,24,0.15,273.3,4.91,55.72,100.0,100.0,0.0,True,"[11, 13]","[11, 13]",0.52173913,0.52173913,276,4
Path_n25,Path,25,24,0.2,274.46,4.98,55.16,100.0,100.0,0.0,True,"[11, 13]","[11, 13]",0.52173913,0.52173913,276,4
Path_n25,Path,25,24,0.25,271.67,4.84,56.13,100.0,100.0,0.0,True,"[11, 13]","[11, 13]",0.52173913,0.52173913,276,4
Barbell_m7,Barbell,16,45,0.05,103.03,13.18,7.82,100.0,100.0,0.0,True,"[7, 9]","[7, 9]",0.53333333,0.53333333,75,14
Barbell_m7,Barbell,16,45,0.1,43.03,8.09,5.32,100.0,100.0,0.0,True,"[7, 9]","[7, 9]",0.53333333,0.53333333,75,14
Barbell_m7,Barbell,16,45,0.15,41.94,8.13,5.16,100.0,100.0,0.0,True,"[7, 9]","[7, 9]",0.53333333,0.53333333,75,14
Barbell_m7,Barbell,16,45,0.2,42.44,9.79,4.34,100.0,100.0,0.0,True,"[7, 9]","[7, 9]",0.53333333,0.53333333,75,14
Barbell_m7,Barbell,16,45,0.25,44.03,8.51,5.17,100.0,100.0,0.0,True,"[7, 9]","[7, 9]",0.53333333,0.53333333,75,14
Barbell_m10,Barbell,23,94,0.05,213.43,6.67,32.0,100.0,100.0,0.0,True,"[10, 12]","[10, 12]",0.52380952,0.52380952,159,4
Barbell_m10,Barbell,23,94,0.1,281.23,6.03,46.66,100.0,100.0,0.0,True,"[10, 12]","[10, 12]",0.52380952,0.52380952,159,4
Barbell_m10,Barbell,23,94,0.15,203.12,6.01,33.79,100.0,100.0,0.0,True,"[10, 12]","[10, 12]",0.52380952,0.52380952,159,4
Barbell_m10,Barbell,23,94,0.2,243.46,6.35,38.31,100.0,100.0,0.0,True,"[10, 12]","[10, 12]",0.52380952,0.52380952,159,4
Barbell_m10,Barbell,23,94,0.25,206.21,5.93,34.78,100.0,100.0,0.0,True,"[10, 12]","[10, 12]",0.52380952,0.52380952,159,4
Barbell_m12,Barbell,28,137,0.05,462.03,9.25,49.93,100.0,100.0,0.0,True,"[13, 15]","[13, 15]",0.51851852,0.51851852,241,4
Barbell_m12,Barbell,28,137,0.1,458.04,9.12,50.2,100.0,100.0,0.0,True,"[13, 15]","[13, 15]",0.51851852,0.51851852,241,4
Barbell_m12,Barbell,28,137,0.15,494.41,9.2,53.74,100.0,100.0,0.0,True,"[13, 15]","[13, 15]",0.51851852,0.51851852,241,4
Barbell_m12,Barbell,28,137,0.2,450.54,9.22,48.87,100.0,100.0,0.0,True,"[13, 15]","[13, 15]",0.51851852,0.51851852,241,4
Barbell_m12,Barbell,28,137,0.25,484.24,11.46,42.27,100.0,100.0,0.0,True,"[13, 15]","[13, 15]",0.51851852,0.51851852,241,4
Star_n15,Star,15,14,0.05,36.04,18.79,1.92,100.0,100.0,0.0,False,"[1, 2]","[13, 14]",0.01098901,0.01098901,91,50
Star_n15,Star,15,14,0.1,53.71,19.13,2.81,100.0,100.0,0.0,False,"[1, 2]","[13, 14]",0.01098901,0.01098901,91,50
Star_n15,Star,15,14,0.15,35.46,18.92,1.87,100.0,100.0,0.0,False,"[1, 2]","[13, 14]",0.01098901,0.01098901,91,50
Star_n15,Star,15,14,0.2,80.73,20.87,3.87,100.0,100.0,0.0,False,"[1, 2]","[13, 14]",0.01098901,0.01098901,91,50
Star_n15,Star,15,14,0.25,43.1,19.08,2.26,100.0,100.0,0.0,False,"[1, 2]","[13, 14]",0.01098901,0.01098901,91,50
Star_n20,Star,20,19,0.05,110.27,32.58,3.38,100.0,100.0,0.0,False,"[1, 2]","[18, 19]",0.00584795,0.00584795,171,50
Star_n20,Star,20,19,0.1,111.42,67.99,1.64,100.0,100.0,0.0,False,"[1, 2]","[18, 19]",0.00584795,0.00584795,171,50
Star_n20,Star,20,19,0.15,133.43,33.12,4.03,100.0,100.0,0.0,False,"[1, 2]","[18, 19]",0.00584795,0.00584795,171,50
Star_n20,Star,20,19,0.2,115.67,31.86,3.63,100.0,100.0,0.0,False,"[1, 2]","[18, 19]",0.00584795,0.00584795,171,50
Star_n20,Star,20,19,0.25,113.56,32.32,3.51,100.0,100.0,0.0,False,"[1, 2]","[18, 19]",0.00584795,0.00584795,171,50
Star_n25,Star,25,24,0.05,269.35,49.94,5.39,100.0,100.0,0.0,False,"[1, 2]","[23, 24]",0.00362319,0.00362319,276,50
Star_n25,Star,25,24,0.1,300.03,56.47,5.31,100.0,100.0,0.0,False,"[1, 2]","[23, 24]",0.00362319,0.00362319,276,50
Star_n25,Star,25,24,0.15,296.69,49.33,6.01,100.0,100.0,0.0,False,"[1, 2]","[23, 24]",0.00362319,0.00362319,276,50
Star_n25,Star,25,24,0.2,282.18,51.73,5.45,100.0,100.0,0.0,False,"[1, 2]","[23, 24]",0.00362319,0.00362319,276,50
Star_n25,Star,25,24,0.25,267.76,48.83,5.48,100.0,100.0,0.0,False,"[1, 2]","[23, 24]",0.00362319,0.00362319,276,50
Tree_n20,RandomTree,20,19,0.05,135.54,16.46,8.24,100.0,100.0,0.0,False,"[3, 16]","[9, 16]",0.26315789,0.26315789,171,23
Tree_n20,RandomTree,20,19,0.1,164.35,16.11,10.2,100.0,100.0,0.0,False,"[3, 16]","[9, 16]",0.26315789,0.26315789,171,23
Tree_n20,RandomTree,20,19,0.15,211.21,16.22,13.02,100.0,100.0,0.0,False,"[3, 16]","[9, 16]",0.26315789,0.26315789,171,23
Tree_n20,RandomTree,20,19,0.2,130.93,22.09,5.93,100.0,100.0,0.0,False,"[3, 16]","[9, 16]",0.26315789,0.26315789,171,23
Tree_n20,RandomTree,20,19,0.25,155.25,16.05,9.67,100.0,100.0,0.0,False,"[3, 16]","[9, 16]",0.26315789,0.26315789,171,23
Tree_n30,RandomTree,30,29,0.05,682.54,71.32,9.57,100.0,100.0,0.0,True,"[0, 19]","[0, 19]",0.32019704,0.32019704,406,32
Tree_n30,RandomTree,30,29,0.1,604.13,48.28,12.51,100.0,100.0,0.0,True,"[0, 19]","[0, 19]",0.32019704,0.32019704,406,32
Tree_n30,RandomTree,30,29,0.15,698.43,53.65,13.02,100.0,100.0,0.0,True,"[0, 19]","[0, 19]",0.32019704,0.32019704,406,32
Tree_n30,RandomTree,30,29,0.2,847.62,45.93,18.45,100.0,100.0,0.0,True,"[0, 19]","[0, 19]",0.32019704,0.32019704,406,32
Tree_n30,RandomTree,30,29,0.25,634.97,92.5,6.86,100.0,100.0,0.0,True,"[0, 19]","[0, 19]",0.32019704,0.32019704,406,32
Tree_n40,RandomTree,40,39,0.05,1870.43,76.82,24.35,100.0,100.0,0.0,True,"[1, 20]","[1, 20]",0.26450742,0.26450742,741,31
Tree_n40,RandomTree,40,39,0.1,1869.67,78.2,23.91,100.0,100.0,0.0,True,"[1, 20]","[1, 20]",0.26450742,0.26450742,741,31
Tree_n40,RandomTree,40,39,0.15,1866.0,76.79,24.3,100.0,100.0,0.0,True,"[1, 20]","[1, 20]",0.26450742,0.26450742,741,31
Tree_n40,RandomTree,40,39,0.2,1785.73,76.4,23.37,100.0,100.0,0.0,True,"[1, 20]","[1, 20]",0.26450742,0.26450742,741,31
Tree_n40,RandomTree,40,39,0.25,1797.21,104.12,17.26,100.0,100.0,0.0,True,"[1, 20]","[1, 20]",0.26450742,0.26450742,741,31
PLC_n30,PowerlawCluster,30,56,0.05,642.62,85.19,7.54,100.0,0,100,False,"[5, 26]","[-1, -1]",0.00270936,0,379,50
PLC_n30,PowerlawCluster,30,56,0.1,640.76,86.46,7.41,100.0,5.24,94.76,False,"[0, 13]","[12, 25]",0.00862069,0.00045156,379,50
PLC_n30,PowerlawCluster,30,56,0.15,681.61,86.25,7.9,100.0,3.47,96.53,False,"[20, 29]","[12, 25]",0.01301314,0.00045156,379,50
PLC_n30,PowerlawCluster,30,56,0.2,639.27,86.8,7.37,100.0,23.89,76.11,False,"[20, 28]","[12, 23]",0.0164966,0.00394089,379,50
PLC_n30,PowerlawCluster,30,56,0.25,650.16,86.33,7.53,100.0,25.85,74.15,False,"[0, 17]","[12, 19]",0.02175698,0.00562397,379,50
PLC_n50,PowerlawCluster,50,96,0.05,6401.51,251.81,25.42,100.0,0,100,False,"[13, 29]","[-1, -1]",0.00099206,0,1129,50
PLC_n50,PowerlawCluster,50,96,0.1,7531.32,344.86,21.84,100.0,30.93,69.07,False,"[19, 33]","[44, 48]",0.00574685,0.0017773,1129,50
PLC_n50,PowerlawCluster,50,96,0.15,5596.08,263.83,21.21,100.0,40.45,59.55,False,"[11, 42]","[39, 44]",0.00756367,0.0030592,1129,50
PLC_n50,PowerlawCluster,50,96,0.2,5341.99,258.45,20.67,100.0,38.49,61.51,False,"[19, 31]","[37, 39]",0.01134977,0.00436812,1129,50
PLC_n50,PowerlawCluster,50,96,0.25,5226.42,234.26,22.31,100.0,68.59,31.41,False,"[9, 29]","[28, 48]",0.0142138,0.00974922,1129,50
Cave_4x5,Caveman,20,40,0.1,119.94,20.7,5.79,100.0,100.0,0.0,True,"[10, 11]","[10, 11]",0.02436647,0.02436647,150,24
Cave_4x5,Caveman,20,40,0.15,119.26,19.91,5.99,100.0,100.0,0.0,True,"[10, 11]","[10, 11]",0.02436647,0.02436647,150,24
Cave_4x5,Caveman,20,40,0.2,124.79,20.01,6.24,100.0,100.0,0.0,True,"[10, 11]","[10, 11]",0.02436647,0.02436647,150,24
Cave_4x5,Caveman,20,40,0.25,118.31,19.63,6.03,100.0,100.0,0.0,True,"[10, 11]","[10, 11]",0.02436647,0.02436647,150,24
Cave_5x5,Caveman,25,50,0.05,345.7,29.71,11.64,100.0,100.0,0.0,True,"[15, 16]","[15, 16]",0.01388889,0.01388889,250,24
Cave_5x5,Caveman,25,50,0.1,376.99,29.71,12.69,100.0,100.0,0.0,True,"[15, 16]","[15, 16]",0.01388889,0.01388889,250,24
Cave_5x5,Caveman,25,50,0.15,297.93,31.68,9.41,100.0,100.0,0.0,True,"[15, 16]","[15, 16]",0.01388889,0.01388889,250,24
Cave_5x5,Caveman,25,50,0.2,302.95,29.51,10.27,100.0,100.0,0.0,True,"[15, 16]","[15, 16]",0.01388889,0.01388889,250,24
Cave_5x5,Caveman,25,50,0.25,344.94,30.31,11.38,100.0,100.0,0.0,True,"[15, 16]","[15, 16]",0.01388889,0.01388889,250,24
Cave_4x6,Caveman,24,60,0.15,258.37,42.31,6.11,100.0,100.0,0.0,True,"[6, 7]","[6, 7]",0.01689723,0.01689723,216,35
Cave_4x6,Caveman,24,60,0.2,256.18,42.03,6.1,100.0,100.0,0.0,True,"[6, 7]","[6, 7]",0.01689723,0.01689723,216,35
Cave_4x6,Caveman,24,60,0.25,258.41,42.33,6.1,100.0,100.0,0.0,True,"[6, 7]","[6, 7]",0.01689723,0.01689723,216,35
